CpxAR;
384;  778; 4; 37; 0.04499808; 3.74947
388;  778; 7; 37; 0.05094212; 4.26242
391;  780; 9; 39; 0.09570663; 3.17137
391;  781; 9; 40; 0.05042191; 4.29832

NarQP;
731; 1137; 3; 36; 0.08176704; 3.99120
739; 1137; 6; 36; 0.05521361; 3.80709
740; 1140; 7; 39; 0.04354160; 3.83320
743; 1140; 9; 39; 0.04517564; 3.17137

PhoRB;
535;  937; 4;  25; 0.06293597 3.67269
536;  937; 5;  25; 0.05297981 4.69026
540;  940; 8;  27; 0.11607078 3.18849
543;  944; 10; 29; 0.05773000 2.87862
561;  940; 17; 27; 0.06066019 3.70609

QseCB;
344;  727; 9;  38 0.11667778; 3.02230
345;  637; 10; 29 0.04555000; 2.87862
357;  640; 14; 30 0.05099722; 7.44769
